[{"model": "auth.permission", "pk": 1, "fields": {"name": "Can add log entry", "content_type": 1, "codename": "add_logentry"}}, {"model": "auth.permission", "pk": 2, "fields": {"name": "Can change log entry", "content_type": 1, "codename": "change_logentry"}}, {"model": "auth.permission", "pk": 3, "fields": {"name": "Can delete log entry", "content_type": 1, "codename": "delete_logentry"}}, {"model": "auth.permission", "pk": 4, "fields": {"name": "Can view log entry", "content_type": 1, "codename": "view_logentry"}}, {"model": "auth.permission", "pk": 5, "fields": {"name": "Can add permission", "content_type": 2, "codename": "add_permission"}}, {"model": "auth.permission", "pk": 6, "fields": {"name": "Can change permission", "content_type": 2, "codename": "change_permission"}}, {"model": "auth.permission", "pk": 7, "fields": {"name": "Can delete permission", "content_type": 2, "codename": "delete_permission"}}, {"model": "auth.permission", "pk": 8, "fields": {"name": "Can view permission", "content_type": 2, "codename": "view_permission"}}, {"model": "auth.permission", "pk": 9, "fields": {"name": "Can add group", "content_type": 3, "codename": "add_group"}}, {"model": "auth.permission", "pk": 10, "fields": {"name": "Can change group", "content_type": 3, "codename": "change_group"}}, {"model": "auth.permission", "pk": 11, "fields": {"name": "Can delete group", "content_type": 3, "codename": "delete_group"}}, {"model": "auth.permission", "pk": 12, "fields": {"name": "Can view group", "content_type": 3, "codename": "view_group"}}, {"model": "auth.permission", "pk": 13, "fields": {"name": "Can add user", "content_type": 4, "codename": "add_user"}}, {"model": "auth.permission", "pk": 14, "fields": {"name": "Can change user", "content_type": 4, "codename": "change_user"}}, {"model": "auth.permission", "pk": 15, "fields": {"name": "Can delete user", "content_type": 4, "codename": "delete_user"}}, {"model": "auth.permission", "pk": 16, "fields": {"name": "Can view user", "content_type": 4, "codename": "view_user"}}, {"model": "auth.permission", "pk": 17, "fields": {"name": "Can add content type", "content_type": 5, "codename": "add_contenttype"}}, {"model": "auth.permission", "pk": 18, "fields": {"name": "Can change content type", "content_type": 5, "codename": "change_contenttype"}}, {"model": "auth.permission", "pk": 19, "fields": {"name": "Can delete content type", "content_type": 5, "codename": "delete_contenttype"}}, {"model": "auth.permission", "pk": 20, "fields": {"name": "Can view content type", "content_type": 5, "codename": "view_contenttype"}}, {"model": "auth.permission", "pk": 21, "fields": {"name": "Can add session", "content_type": 6, "codename": "add_session"}}, {"model": "auth.permission", "pk": 22, "fields": {"name": "Can change session", "content_type": 6, "codename": "change_session"}}, {"model": "auth.permission", "pk": 23, "fields": {"name": "Can delete session", "content_type": 6, "codename": "delete_session"}}, {"model": "auth.permission", "pk": 24, "fields": {"name": "Can view session", "content_type": 6, "codename": "view_session"}}, {"model": "auth.permission", "pk": 25, "fields": {"name": "Can add product", "content_type": 7, "codename": "add_product"}}, {"model": "auth.permission", "pk": 26, "fields": {"name": "Can change product", "content_type": 7, "codename": "change_product"}}, {"model": "auth.permission", "pk": 27, "fields": {"name": "Can delete product", "content_type": 7, "codename": "delete_product"}}, {"model": "auth.permission", "pk": 28, "fields": {"name": "Can view product", "content_type": 7, "codename": "view_product"}}, {"model": "auth.permission", "pk": 29, "fields": {"name": "Can add category", "content_type": 8, "codename": "add_category"}}, {"model": "auth.permission", "pk": 30, "fields": {"name": "Can change category", "content_type": 8, "codename": "change_category"}}, {"model": "auth.permission", "pk": 31, "fields": {"name": "Can delete category", "content_type": 8, "codename": "delete_category"}}, {"model": "auth.permission", "pk": 32, "fields": {"name": "Can view category", "content_type": 8, "codename": "view_category"}}, {"model": "auth.permission", "pk": 33, "fields": {"name": "Can add image", "content_type": 9, "codename": "add_image"}}, {"model": "auth.permission", "pk": 34, "fields": {"name": "Can change image", "content_type": 9, "codename": "change_image"}}, {"model": "auth.permission", "pk": 35, "fields": {"name": "Can delete image", "content_type": 9, "codename": "delete_image"}}, {"model": "auth.permission", "pk": 36, "fields": {"name": "Can view image", "content_type": 9, "codename": "view_image"}}, {"model": "auth.permission", "pk": 37, "fields": {"name": "Can add spec", "content_type": 10, "codename": "add_spec"}}, {"model": "auth.permission", "pk": 38, "fields": {"name": "Can change spec", "content_type": 10, "codename": "change_spec"}}, {"model": "auth.permission", "pk": 39, "fields": {"name": "Can delete spec", "content_type": 10, "codename": "delete_spec"}}, {"model": "auth.permission", "pk": 40, "fields": {"name": "Can view spec", "content_type": 10, "codename": "view_spec"}}, {"model": "auth.permission", "pk": 41, "fields": {"name": "Can add cart item", "content_type": 11, "codename": "add_cartitem"}}, {"model": "auth.permission", "pk": 42, "fields": {"name": "Can change cart item", "content_type": 11, "codename": "change_cartitem"}}, {"model": "auth.permission", "pk": 43, "fields": {"name": "Can delete cart item", "content_type": 11, "codename": "delete_cartitem"}}, {"model": "auth.permission", "pk": 44, "fields": {"name": "Can view cart item", "content_type": 11, "codename": "view_cartitem"}}, {"model": "auth.permission", "pk": 45, "fields": {"name": "Can add cart", "content_type": 12, "codename": "add_cart"}}, {"model": "auth.permission", "pk": 46, "fields": {"name": "Can change cart", "content_type": 12, "codename": "change_cart"}}, {"model": "auth.permission", "pk": 47, "fields": {"name": "Can delete cart", "content_type": 12, "codename": "delete_cart"}}, {"model": "auth.permission", "pk": 48, "fields": {"name": "Can view cart", "content_type": 12, "codename": "view_cart"}}, {"model": "auth.permission", "pk": 49, "fields": {"name": "Can add adress", "content_type": 13, "codename": "add_adress"}}, {"model": "auth.permission", "pk": 50, "fields": {"name": "Can change adress", "content_type": 13, "codename": "change_adress"}}, {"model": "auth.permission", "pk": 51, "fields": {"name": "Can delete adress", "content_type": 13, "codename": "delete_adress"}}, {"model": "auth.permission", "pk": 52, "fields": {"name": "Can view adress", "content_type": 13, "codename": "view_adress"}}, {"model": "auth.permission", "pk": 53, "fields": {"name": "Can add profile", "content_type": 14, "codename": "add_profile"}}, {"model": "auth.permission", "pk": 54, "fields": {"name": "Can change profile", "content_type": 14, "codename": "change_profile"}}, {"model": "auth.permission", "pk": 55, "fields": {"name": "Can delete profile", "content_type": 14, "codename": "delete_profile"}}, {"model": "auth.permission", "pk": 56, "fields": {"name": "Can view profile", "content_type": 14, "codename": "view_profile"}}, {"model": "auth.permission", "pk": 57, "fields": {"name": "Can add shipment", "content_type": 15, "codename": "add_shipment"}}, {"model": "auth.permission", "pk": 58, "fields": {"name": "Can change shipment", "content_type": 15, "codename": "change_shipment"}}, {"model": "auth.permission", "pk": 59, "fields": {"name": "Can delete shipment", "content_type": 15, "codename": "delete_shipment"}}, {"model": "auth.permission", "pk": 60, "fields": {"name": "Can view shipment", "content_type": 15, "codename": "view_shipment"}}, {"model": "auth.permission", "pk": 61, "fields": {"name": "Can add payment", "content_type": 16, "codename": "add_payment"}}, {"model": "auth.permission", "pk": 62, "fields": {"name": "Can change payment", "content_type": 16, "codename": "change_payment"}}, {"model": "auth.permission", "pk": 63, "fields": {"name": "Can delete payment", "content_type": 16, "codename": "delete_payment"}}, {"model": "auth.permission", "pk": 64, "fields": {"name": "Can view payment", "content_type": 16, "codename": "view_payment"}}, {"model": "auth.permission", "pk": 65, "fields": {"name": "Can add detail", "content_type": 17, "codename": "add_detail"}}, {"model": "auth.permission", "pk": 66, "fields": {"name": "Can change detail", "content_type": 17, "codename": "change_detail"}}, {"model": "auth.permission", "pk": 67, "fields": {"name": "Can delete detail", "content_type": 17, "codename": "delete_detail"}}, {"model": "auth.permission", "pk": 68, "fields": {"name": "Can view detail", "content_type": 17, "codename": "view_detail"}}, {"model": "auth.permission", "pk": 69, "fields": {"name": "Can add order", "content_type": 18, "codename": "add_order"}}, {"model": "auth.permission", "pk": 70, "fields": {"name": "Can change order", "content_type": 18, "codename": "change_order"}}, {"model": "auth.permission", "pk": 71, "fields": {"name": "Can delete order", "content_type": 18, "codename": "delete_order"}}, {"model": "auth.permission", "pk": 72, "fields": {"name": "Can view order", "content_type": 18, "codename": "view_order"}}, {"model": "auth.user", "pk": 1, "fields": {"password": "pbkdf2_sha256$216000$MawLKSdmO2QI$YyW7rM3xMDzwJZFiUU4yaxVlZNCELVjOtZkFGjmDt5w=", "last_login": "2021-06-14T14:53:55.995Z", "is_superuser": false, "username": "tiago9lj@hotmail.com", "first_name": "Tiago", "last_name": "Lourenþo", "email": "tiago9lj@hotmail.com", "is_staff": false, "is_active": true, "date_joined": "2021-06-14T14:53:55.821Z", "groups": [], "user_permissions": []}}, {"model": "auth.user", "pk": 2, "fields": {"password": "pbkdf2_sha256$216000$dxf9dhWMXCqa$gRlcsTzEjvRkqRy/62rA2QDkKlOu1oiCXY70tcFSzko=", "last_login": "2021-06-17T17:35:14.746Z", "is_superuser": false, "username": "oi@hotmail.com", "first_name": "Tiago", "last_name": "Lo", "email": "oi@hotmail.com", "is_staff": false, "is_active": true, "date_joined": "2021-06-17T17:35:14.579Z", "groups": [], "user_permissions": []}}, {"model": "auth.user", "pk": 3, "fields": {"password": "pbkdf2_sha256$216000$7cIB5VbALIWb$7TwT44n7eXzpal3G/AxxBxt6QtuGF+XlB121VaP7SC4=", "last_login": "2021-06-18T13:34:00.778Z", "is_superuser": false, "username": "teste@hotmail.com", "first_name": "Tiago", "last_name": "Lourenþo", "email": "teste@hotmail.com", "is_staff": false, "is_active": true, "date_joined": "2021-06-18T13:34:00.630Z", "groups": [], "user_permissions": []}}, {"model": "auth.user", "pk": 4, "fields": {"password": "pbkdf2_sha256$216000$M9TQg5XjN5Nv$gJiQ5U1J5EuKPDQCuCc6F/L1j9zp4iMfdX6bdxi0O1E=", "last_login": "2021-06-24T18:15:04.587Z", "is_superuser": false, "username": "tu@htk.com", "first_name": "Tiago", "last_name": "Lourenþo", "email": "tu@htk.com", "is_staff": false, "is_active": true, "date_joined": "2021-06-24T18:15:04.425Z", "groups": [], "user_permissions": []}}, {"model": "auth.user", "pk": 5, "fields": {"password": "pbkdf2_sha256$216000$UGYfztRbiqzP$S7sm9NuNymEnWNLMUjD9JMwlXcJBs1OH60DYShMmcKE=", "last_login": "2021-06-25T19:09:58.964Z", "is_superuser": false, "username": "tiago9ldf@hotmail.com", "first_name": "TiAG", "last_name": "lL", "email": "tiago9ldf@hotmail.com", "is_staff": false, "is_active": true, "date_joined": "2021-06-25T19:09:57.720Z", "groups": [], "user_permissions": []}}, {"model": "auth.user", "pk": 6, "fields": {"password": "pbkdf2_sha256$216000$fmsHRZhJO7cP$u+IHalXdvRCiZxe6HcTUNMC+B9/nsudaoPPdDRCfxwY=", "last_login": "2021-06-26T13:28:31.336Z", "is_superuser": false, "username": "titi@hkh.com", "first_name": "tuj", "last_name": "kjk", "email": "titi@hkh.com", "is_staff": false, "is_active": true, "date_joined": "2021-06-26T13:28:31.171Z", "groups": [], "user_permissions": []}}, {"model": "auth.user", "pk": 7, "fields": {"password": "pbkdf2_sha256$216000$L0NzUyx2cFDG$YZMj97Jpc/T00Q5BaV5cnCBzQyvRb/GM1gOa+W9f3y8=", "last_login": "2021-06-26T13:49:38.630Z", "is_superuser": false, "username": "hg@hotmail.com", "first_name": "YTids", "last_name": "kdlk", "email": "hg@hotmail.com", "is_staff": false, "is_active": true, "date_joined": "2021-06-26T13:49:38.482Z", "groups": [], "user_permissions": []}}, {"model": "auth.user", "pk": 8, "fields": {"password": "pbkdf2_sha256$216000$3fOZPbdknHvY$5N7hSIvIzFdk6UxJK0Fg9KM5cOW+SgdK1Agv7b4OyPg=", "last_login": "2021-07-13T16:15:42.922Z", "is_superuser": false, "username": "tt@hotmail.com", "first_name": "fdsd", "last_name": "ds", "email": "tt@hotmail.com", "is_staff": false, "is_active": true, "date_joined": "2021-06-27T22:48:16.355Z", "groups": [], "user_permissions": []}}, {"model": "auth.user", "pk": 9, "fields": {"password": "pbkdf2_sha256$216000$qEuUCsDbgAvU$EZFkvXlKyKwOd5SmrXjYNSnjoaeCvmES9IPYLf3XPBg=", "last_login": "2021-09-10T17:45:23.756Z", "is_superuser": false, "username": "hh@hotmail.com", "first_name": "Filipe", "last_name": "Ant¾nio", "email": "hh@hotmail.com", "is_staff": false, "is_active": true, "date_joined": "2021-09-06T21:44:47.035Z", "groups": [], "user_permissions": []}}, {"model": "auth.user", "pk": 10, "fields": {"password": "pbkdf2_sha256$216000$DYAtEyncFilX$OFbOPzYxB+X8Sics5dQSmkHhPpO0+eIereMn9lIqheQ=", "last_login": "2021-09-09T19:14:06.781Z", "is_superuser": false, "username": "df@hotmail.com", "first_name": "Tiago", "last_name": "Lourenþo", "email": "df@hotmail.com", "is_staff": false, "is_active": true, "date_joined": "2021-09-09T19:14:06.624Z", "groups": [], "user_permissions": []}}, {"model": "contenttypes.contenttype", "pk": 1, "fields": {"app_label": "admin", "model": "logentry"}}, {"model": "contenttypes.contenttype", "pk": 2, "fields": {"app_label": "auth", "model": "permission"}}, {"model": "contenttypes.contenttype", "pk": 3, "fields": {"app_label": "auth", "model": "group"}}, {"model": "contenttypes.contenttype", "pk": 4, "fields": {"app_label": "auth", "model": "user"}}, {"model": "contenttypes.contenttype", "pk": 5, "fields": {"app_label": "contenttypes", "model": "contenttype"}}, {"model": "contenttypes.contenttype", "pk": 6, "fields": {"app_label": "sessions", "model": "session"}}, {"model": "contenttypes.contenttype", "pk": 7, "fields": {"app_label": "products", "model": "product"}}, {"model": "contenttypes.contenttype", "pk": 8, "fields": {"app_label": "products", "model": "category"}}, {"model": "contenttypes.contenttype", "pk": 9, "fields": {"app_label": "products", "model": "image"}}, {"model": "contenttypes.contenttype", "pk": 10, "fields": {"app_label": "products", "model": "spec"}}, {"model": "contenttypes.contenttype", "pk": 11, "fields": {"app_label": "store", "model": "cartitem"}}, {"model": "contenttypes.contenttype", "pk": 12, "fields": {"app_label": "store", "model": "cart"}}, {"model": "contenttypes.contenttype", "pk": 13, "fields": {"app_label": "users", "model": "adress"}}, {"model": "contenttypes.contenttype", "pk": 14, "fields": {"app_label": "users", "model": "profile"}}, {"model": "contenttypes.contenttype", "pk": 15, "fields": {"app_label": "orders", "model": "shipment"}}, {"model": "contenttypes.contenttype", "pk": 16, "fields": {"app_label": "orders", "model": "payment"}}, {"model": "contenttypes.contenttype", "pk": 17, "fields": {"app_label": "orders", "model": "detail"}}, {"model": "contenttypes.contenttype", "pk": 18, "fields": {"app_label": "orders", "model": "order"}}, {"model": "sessions.session", "pk": "1dlygwezacp1nnor640vvggo7ksx7b2b", "fields": {"session_data": ".eJxVTEsOgyAQvQvrhmAAQZfd9wxkZhiK1Ugiump692Liol285P3fIsCx53BU3sIUxSi8uP16CDTzegbxBeuzSCrrvk0oz4q80iofJfJyv7p_BxlqbmvUlDoyOCRntO96toQ2esOxd6bBM6pucClqk1RzlPNOgR4MEvXWqXZKsO1i1LaxzDSXo6kES-XPF0AcQIU:1m3L6q:BpXz8K_zk50Dw8gRe_CuIcwVDWDO7MwNYEhmdPf3CUY", "expire_date": "2021-07-27T16:18:12.892Z"}}, {"model": "sessions.session", "pk": "53s75uk2ekfuiw07yg1wanpxofsnjycn", "fields": {"session_data": ".eJxVjEEOwiAQRe_CuiEIpYUu3XuGZoChYA0kLayMd5dqF7r789-b_yQz1BLmuuM2R0cmIkn32xmwK6YDuDukJVObU9mioYdCT7rTW3b4uJ7u30CAPbRvpi-gesRBayXAcubGkaPxihnpNYBS3A3WDT1a16MRiiOTSgjZDM-8aKM2oF1zLWQqW8V2w9YyVx2J-_yBMS1f-HoDGzNHdg:1lwyLK:vTRbf2XCuOBroXqv563KgCA71l4FYC-2ViDwtN0EOu4", "expire_date": "2021-07-10T02:46:50.623Z"}}, {"model": "sessions.session", "pk": "59l9wxsujcezzj6o9kes918ff7mujxtd", "fields": {"session_data": ".eJxVjMsOgyAQRf-FdUNEhpfL7v0GwsBUqA0moqum_15NXLTbe849b-bDvmW_N1p9SWxgjt1-NwxxpnqC9Ax1Wnhc6rYW5KfCL9r4uCR63S_3L5BDy8dboEJLoByhVAI62WtQYAM6h0JaF4OzSlM0j5SsBNFZrcEgEZheyc4c0dJ8zBTnUic2bOtOny8Yxj2z:1mOknH:FHM0d9yuRWkc9vW4ttP-PurtrtWzOjUbjipecnYhRIU", "expire_date": "2021-09-24T17:58:31.796Z"}}, {"model": "sessions.session", "pk": "an9n1u1mwk0u9zdzwm9o669wm4j908dx", "fields": {"session_data": ".eJxVjEEOwiAQRe_C2pAKI2VcuvcMBGYYqRpISrsy3l2bdKHb_977LxXiupSw9jyHidVZWXX43VKkR64b4Hust6ap1WWekt4UvdOur43z87K7fwcl9vKtUcQZImafAZ2HmByalDwzeCPGIIO15MAKDZ6EEU-DGUfKIim6I6j3B__WOIQ:1luGFv:f1oyzUN2_MZ5kQbPNSNXkkx8W5k_1DTEfaPx4sfl9pQ", "expire_date": "2021-07-02T15:18:03.038Z"}}, {"model": "sessions.session", "pk": "ibavxd81v6hucwj54gzgwbtwkyh9gqlq", "fields": {"session_data": ".eJxVjE0OgyAQhe_C2hAUlbHL7nsGMsAo1gYSgVXTuxdbF-3uve_9PJnGkr0uiXa9OnZhijW_zKDdKByBu2NYIrcx5H01_KjwM038Fh09rmf378Bj8nU9iKGjvjOtG2dwNHQoYbLCSOtmB65T_SQRRqMIFCirAFBYUGKeW-jNgPXU4p7ZRYqqPNktluryXqhha9IftIbli15vASdHSQ:1lx9Ed:BQ7PyVIkFl6QUA6ic9NEI0bmUfcqBv0cnbeKps2BTRw", "expire_date": "2021-07-10T14:24:39.568Z"}}, {"model": "sessions.session", "pk": "kzwnonquewe3mtu4mdjvs97lfdrq0l9c", "fields": {"session_data": ".eJxVjLEOwyAQQ_-FuUI5SMLRsXu_ITrgKGmqRCIwVf33EilDu9l-tt9iolrSVHfO0xzEVfTi8ps58guvBwhPWh-b9Nta8uzkUZEn3eV9C_y6nd2_g0R7amvocWQdGcGAQ0TXqUFpYyIoT0R2tBYtdzaC9RCUpYEHcNoojTgaiO3UJ_bLVou4lly5ecpNK_35AsWnP04:1lwZPQ:8Vy6wfGA3NLJcyGC5jYbWXskEQsmh4v4OG3CJXIAQbw", "expire_date": "2021-07-09T00:09:24.154Z"}}, {"model": "sessions.session", "pk": "l12afm0y3axgfrepwj6hp7bko9ekcgrq", "fields": {"session_data": ".eJxVjMsOwiAQAP-FsyE82oV69O43kF3YStVAUtqT8d-VpAe9zkzmJQLuWw574zUsSZyFEadfRhgfXLpIdyy3KmMt27qQ7Ik8bJPXmvh5Odq_QcaW-9Yr7YlGGzkyGjcA4zABOLLkjdNsJwVfDYCseLaJUClKcfZpRLBavD_hojgj:1lu2Z8:r5IrssFkMpyg_oKWFdIlk6hz5wo5jzXMUsIBlstOqu0", "expire_date": "2021-07-02T00:40:58.817Z"}}, {"model": "sessions.session", "pk": "oo2fqiamzq61dy4zeyfe3n2x1ram3i78", "fields": {"session_data": ".eJxVjDsOwyAUBO9CbSEcsMEu0-cMCB5giC2Q-FRR7h4cuUiKbWZ294WkatXLVmyWwaAVCTT8Mq1gt_EU5qniljCkWHPQ-Kzgyxb8SMYe96v7d-BV8X2tKbgRmF4cZ1SMs51AT0Ywa2bOeoTVZFy4M5Q50gnhghNFF6YB5omTfgrewp5aRatTR7EDCkV-WYgbWmtuHYHK3dPb-wNoNkdj:1lxezK:FDo0xdgLRisMFD8r89KA_FS6fS3x4dnvqUHjtk-zVaQ", "expire_date": "2021-07-12T00:18:58.560Z"}}, {"model": "sessions.session", "pk": "pzo7jdi9xr2vgv5vz53vj88a7avyku5u", "fields": {"session_data": ".eJxVjDsOwyAQBe9CHSEwy89l-pzBYmETHEdGwlBFuXtsyUXSvpk3bzaF3vLUN6rTnNjIPLv8bhjiQusB0jOsj8JjWVudkR8KP-nGbyXR63q6f4Ectry_JWp0BNoTKi1BqMGABhfQe5TK-Ri804aivafkFEjhjAGLRGAHrYTdozFTXEpvbGy10-cLYLw8kg:1mNMgO:fTWczSvNX6MFBLJg2vipLeE87L91Yut1ZyMjZMBZ904", "expire_date": "2021-09-20T22:01:40.144Z"}}, {"model": "sessions.session", "pk": "tp4yh517vm8y96gdj6ax9mweup9k2xun", "fields": {"session_data": ".eJxVjEEOgjAQRe_StWk6AwV06d4zNNPplFZMSSisjHcXEha6_e-9_1aOtjW5rcriclA3BUZdfkdPPEk5SHhSGWfNc1mX7PWh6JNW_ZiDvO6n-3eQqKa9bgBRWuSIVz9I0yF6MpYDGCRuKUQa-oYgGttD6Kwf7F6AgY4xBou0n-bqOAlPuYzqti6bfL5aUz6B:1mOYD4:GSZTxFX0KWyanPPVv-9wlMiaKWOL9290nuMKH_Nzjl8", "expire_date": "2021-09-24T04:32:18.768Z"}}, {"model": "sessions.session", "pk": "tute6wvhdzfu8ftvi1jpjlfespj3wn29", "fields": {"session_data": ".eJxVjMEOwiAQRP-FsyG2uy3g0bvfQBZ2kaqBpLQn47_bJj3ocea9mbfytC7Zr01mP7G6qE6dfrtA8SllB_ygcq861rLMU9C7og_a9K2yvK6H-3eQqeVtbUYT0UbonBGmfkADY4IEDl20xNCzI0kJaUghIAOd7RYYLaKATaI-X-WeOH4:1ltH3q:psNMgIIaPMiKNg3oW6n9Cv5p8Hi2yXFJhdl-r_BANBg", "expire_date": "2021-06-29T21:57:30.495Z"}}, {"model": "sessions.session", "pk": "vmsh97fyhffqpm9mkx6nx4yrze7bkwaj", "fields": {"session_data": ".eJxVjEEOwiAURO_CuiE00EK7dO8ZCHw-BTWQFFgZ7y41NdHFbN6bmSfRptWgW8FdR0dWosjwy6yBO6ZDuJtJW6aQU92jpUeFnrbQa3b4uJzdv4NgSuhry8GPIOzipeBqnHECOzkl0M1S9Ci0bFykd1x41gmTSjLDF2EB5kmyfgoB4Z5bJWvdGw4kFv1BMW1fBGbvmovXGyKTRxo:1lxyVN:gZPepk1qX2ZWMwqDnVyg1WciiQfuq9xovrfqjSdfrRM", "expire_date": "2021-07-12T21:09:21.103Z"}}, {"model": "products.category", "pk": 1, "fields": {"name": "Computadores", "parentPk": null, "depth": 0, "udc": 0}}, {"model": "products.category", "pk": 2, "fields": {"name": "Mobilidade", "parentPk": null, "depth": 0, "udc": 1}}, {"model": "products.category", "pk": 3, "fields": {"name": "Componentes", "parentPk": null, "depth": 0, "udc": 2}}, {"model": "products.category", "pk": 4, "fields": {"name": "Imagem e Som", "parentPk": null, "depth": 0, "udc": 3}}, {"model": "products.category", "pk": 5, "fields": {"name": "PerifÚricos", "parentPk": null, "depth": 0, "udc": 5}}, {"model": "products.category", "pk": 6, "fields": {"name": "Armazenamento", "parentPk": null, "depth": 0, "udc": 6}}, {"model": "products.category", "pk": 7, "fields": {"name": "Portßteis", "parentPk": 1, "depth": 1, "udc": 1}}, {"model": "products.category", "pk": 8, "fields": {"name": "Desktops", "parentPk": 1, "depth": 1, "udc": 2}}, {"model": "products.category", "pk": 9, "fields": {"name": "Mini PCs", "parentPk": 1, "depth": 1, "udc": 3}}, {"model": "products.category", "pk": 10, "fields": {"name": "Gaming", "parentPk": 7, "depth": 2, "udc": 1}}, {"model": "products.category", "pk": 11, "fields": {"name": "Produtividade", "parentPk": 8, "depth": 2, "udc": 2}}, {"model": "products.category", "pk": 12, "fields": {"name": "i3", "parentPk": 9, "depth": 2, "udc": 3}}, {"model": "products.product", "pk": 1, "fields": {"name": "Grafica xpto", "description": "A grafica da tua vida", "price": "100.00", "avalability": true, "highlighted": false, "new": false, "stock": 4, "category": null, "main_image": "default.jpg"}}, {"model": "products.product", "pk": 2, "fields": {"name": "Grafica xpto", "description": "A grafica da tua vida", "price": "120.00", "avalability": true, "highlighted": false, "new": false, "stock": -6, "category": null, "main_image": "default.jpg"}}, {"model": "products.product", "pk": 3, "fields": {"name": "Grafica xpto", "description": "A grafica da tua vida", "price": "30.00", "avalability": true, "highlighted": false, "new": false, "stock": -8, "category": null, "main_image": "default.jpg"}}, {"model": "products.product", "pk": 4, "fields": {"name": "Grafica xpto", "description": "A grafica da tua vida", "price": "81.00", "avalability": true, "highlighted": false, "new": false, "stock": 0, "category": null, "main_image": "default.jpg"}}, {"model": "products.product", "pk": 5, "fields": {"name": "Grafica xpto", "description": "A grafica da tua vida", "price": "23.52", "avalability": true, "highlighted": false, "new": false, "stock": 4, "category": null, "main_image": "default.jpg"}}, {"model": "products.product", "pk": 6, "fields": {"name": "Grafica xpto", "description": "A grafica da tua vida", "price": "89.00", "avalability": true, "highlighted": false, "new": false, "stock": 4, "category": null, "main_image": "default.jpg"}}, {"model": "products.product", "pk": 7, "fields": {"name": "Grafica xpto", "description": "A grafica da tua vida", "price": "65.00", "avalability": true, "highlighted": false, "new": false, "stock": 4, "category": null, "main_image": "default.jpg"}}, {"model": "products.product", "pk": 8, "fields": {"name": "Grafica xpto", "description": "A grafica da tua vida", "price": "92.25", "avalability": true, "highlighted": false, "new": false, "stock": -560, "category": null, "main_image": "default.jpg"}}, {"model": "products.product", "pk": 9, "fields": {"name": "JHDS", "description": "LKMMDSLK", "price": "22.00", "avalability": true, "highlighted": true, "new": true, "stock": -9, "category": 8, "main_image": "product_None/20200604_224304.jpg"}}, {"model": "products.product", "pk": 10, "fields": {"name": "fdfd", "description": "fdfd", "price": "33.00", "avalability": true, "highlighted": true, "new": true, "stock": 0, "category": 1, "main_image": "product_None/20200603_100556_F36LKfp.jpg"}}, {"model": "products.product", "pk": 11, "fields": {"name": "fdffd", "description": "fdfd", "price": "22.00", "avalability": true, "highlighted": true, "new": true, "stock": -3, "category": 7, "main_image": "product_None/20200604_224304_Wmf2uca.jpg"}}, {"model": "products.product", "pk": 12, "fields": {"name": "dds", "description": "dsds", "price": "43.00", "avalability": true, "highlighted": true, "new": true, "stock": 3, "category": 10, "main_image": "product_None/20200604_112806.jpg"}}, {"model": "products.product", "pk": 13, "fields": {"name": "fdfdsfd", "description": "fdfdfd", "price": "23.00", "avalability": true, "highlighted": true, "new": true, "stock": -2, "category": 4, "main_image": "product_None/20200606_161145.jpg"}}, {"model": "products.product", "pk": 14, "fields": {"name": "dsdsds", "description": "dsds", "price": "33.00", "avalability": true, "highlighted": true, "new": true, "stock": 0, "category": 6, "main_image": "product_None/20200612_163156.jpg"}}, {"model": "products.product", "pk": 15, "fields": {"name": "O kalu Ú ZÚ", "description": "fdfdfd", "price": "20.15", "avalability": true, "highlighted": true, "new": true, "stock": -2, "category": 11, "main_image": "product_None/20200604_224304_kreLpHp.jpg"}}, {"model": "products.product", "pk": 16, "fields": {"name": "kjkj", "description": "jkkj", "price": "77.00", "avalability": true, "highlighted": false, "new": false, "stock": -4, "category": 10, "main_image": "product_None/20200603_142320.jpg"}}, {"model": "products.product", "pk": 17, "fields": {"name": "tgfg", "description": "fgfg", "price": "22.00", "avalability": true, "highlighted": false, "new": false, "stock": 0, "category": 7, "main_image": "product_None/20200604_115220.jpg"}}, {"model": "products.product", "pk": 18, "fields": {"name": "Grßfics", "description": "Grafica toda top", "price": "22.30", "avalability": true, "highlighted": true, "new": true, "stock": 63, "category": 10, "main_image": "product_None/20200604_224304_7T5q4Se.jpg"}}, {"model": "products.product", "pk": 19, "fields": {"name": "jhjb", "description": "bnbbnbn", "price": "22.00", "avalability": true, "highlighted": true, "new": true, "stock": 5, "category": 2, "main_image": "product_None/20200604_112806_pRRJyOj.jpg"}}, {"model": "products.product", "pk": 20, "fields": {"name": "m,n", "description": "mnm", "price": "6767.00", "avalability": true, "highlighted": false, "new": false, "stock": 34, "category": 10, "main_image": "product_None/Sem_tÝtulo-2.png"}}, {"model": "products.product", "pk": 21, "fields": {"name": "gfgfddf", "description": "vcvcb", "price": "443.00", "avalability": true, "highlighted": true, "new": true, "stock": 434, "category": 1, "main_image": "product_None/imag1.jpg"}}, {"model": "products.spec", "pk": 1, "fields": {"product": 9, "name": "BNHVB", "spec": "HGHGHG"}}, {"model": "products.spec", "pk": 2, "fields": {"product": 10, "name": "fdfd", "spec": "fdfd"}}, {"model": "products.spec", "pk": 3, "fields": {"product": 18, "name": "Grßfica", "spec": "ati 350032ff"}}, {"model": "products.image", "pk": 1, "fields": {"image": "20200604_224304.jpg", "product": 15}}, {"model": "products.image", "pk": 2, "fields": {"image": "20200604_112811.jpg", "product": 16}}, {"model": "products.image", "pk": 3, "fields": {"image": "20200604_112811_Ff94x2P.jpg", "product": 17}}, {"model": "products.image", "pk": 4, "fields": {"image": "20200606_222432.jpg", "product": 18}}, {"model": "products.image", "pk": 5, "fields": {"image": "20200604_112813.jpg", "product": 18}}, {"model": "products.image", "pk": 6, "fields": {"image": "20200616_175203.jpg", "product": 18}}, {"model": "products.image", "pk": 7, "fields": {"image": "20200604_112813_7bVxQpj.jpg", "product": 19}}, {"model": "products.image", "pk": 8, "fields": {"image": "20200603_142324.jpg", "product": 19}}, {"model": "products.image", "pk": 9, "fields": {"image": "P1010924.JPG", "product": 20}}, {"model": "products.image", "pk": 10, "fields": {"image": "Untitled design1.png", "product": 20}}, {"model": "products.image", "pk": 11, "fields": {"image": "Sem tÝtulo-2_O9qWEmy.png", "product": 20}}, {"model": "store.cartitem", "pk": 1, "fields": {"product": 9, "quantity": 1}}, {"model": "store.cartitem", "pk": 2, "fields": {"product": 9, "quantity": 1}}, {"model": "store.cartitem", "pk": 3, "fields": {"product": 9, "quantity": 1}}, {"model": "store.cartitem", "pk": 4, "fields": {"product": 3, "quantity": 1}}, {"model": "store.cartitem", "pk": 5, "fields": {"product": 11, "quantity": 8}}, {"model": "store.cartitem", "pk": 6, "fields": {"product": 2, "quantity": 1}}, {"model": "store.cartitem", "pk": 7, "fields": {"product": 8, "quantity": 1}}, {"model": "store.cartitem", "pk": 8, "fields": {"product": 2, "quantity": 1}}, {"model": "store.cartitem", "pk": 9, "fields": {"product": 2, "quantity": 1}}, {"model": "store.cartitem", "pk": 10, "fields": {"product": 2, "quantity": 3}}, {"model": "store.cartitem", "pk": 11, "fields": {"product": 12, "quantity": 1}}, {"model": "store.cartitem", "pk": 12, "fields": {"product": 3, "quantity": 1}}, {"model": "store.cartitem", "pk": 13, "fields": {"product": 1, "quantity": 3}}, {"model": "store.cartitem", "pk": 14, "fields": {"product": 3, "quantity": 1}}, {"model": "store.cartitem", "pk": 15, "fields": {"product": 3, "quantity": 1}}, {"model": "store.cartitem", "pk": 16, "fields": {"product": 15, "quantity": 1}}, {"model": "store.cartitem", "pk": 17, "fields": {"product": 15, "quantity": 1}}, {"model": "store.cartitem", "pk": 18, "fields": {"product": 15, "quantity": 1}}, {"model": "store.cartitem", "pk": 19, "fields": {"product": 8, "quantity": 1}}, {"model": "store.cartitem", "pk": 20, "fields": {"product": 15, "quantity": 2}}, {"model": "store.cartitem", "pk": 21, "fields": {"product": 15, "quantity": 1}}, {"model": "store.cartitem", "pk": 22, "fields": {"product": 15, "quantity": 3}}, {"model": "store.cartitem", "pk": 23, "fields": {"product": 9, "quantity": 1}}, {"model": "store.cartitem", "pk": 24, "fields": {"product": 10, "quantity": 2}}, {"model": "store.cartitem", "pk": 25, "fields": {"product": 10, "quantity": 9}}, {"model": "store.cartitem", "pk": 26, "fields": {"product": 9, "quantity": 1}}, {"model": "store.cartitem", "pk": 27, "fields": {"product": 9, "quantity": 1}}, {"model": "store.cartitem", "pk": 28, "fields": {"product": 4, "quantity": 1}}, {"model": "store.cartitem", "pk": 29, "fields": {"product": 3, "quantity": 30}}, {"model": "store.cartitem", "pk": 30, "fields": {"product": 4, "quantity": 1}}, {"model": "store.cartitem", "pk": 31, "fields": {"product": 1, "quantity": 1}}, {"model": "store.cartitem", "pk": 32, "fields": {"product": 1, "quantity": 4}}, {"model": "store.cartitem", "pk": 33, "fields": {"product": 3, "quantity": 4}}, {"model": "store.cartitem", "pk": 34, "fields": {"product": 3, "quantity": 4}}, {"model": "store.cartitem", "pk": 35, "fields": {"product": 3, "quantity": 4}}, {"model": "store.cartitem", "pk": 36, "fields": {"product": 8, "quantity": 4}}, {"model": "store.cartitem", "pk": 37, "fields": {"product": 2, "quantity": 1}}, {"model": "store.cartitem", "pk": 38, "fields": {"product": 9, "quantity": 1}}, {"model": "store.cartitem", "pk": 39, "fields": {"product": 3, "quantity": 2}}, {"model": "store.cartitem", "pk": 40, "fields": {"product": 4, "quantity": 1}}, {"model": "store.cartitem", "pk": 41, "fields": {"product": 4, "quantity": 2}}, {"model": "store.cartitem", "pk": 42, "fields": {"product": 8, "quantity": 1}}, {"model": "store.cartitem", "pk": 43, "fields": {"product": 8, "quantity": 1}}, {"model": "store.cartitem", "pk": 44, "fields": {"product": 8, "quantity": 3}}, {"model": "store.cartitem", "pk": 45, "fields": {"product": 2, "quantity": 1}}, {"model": "store.cartitem", "pk": 46, "fields": {"product": 10, "quantity": 1}}, {"model": "store.cartitem", "pk": 47, "fields": {"product": 13, "quantity": 1}}, {"model": "store.cartitem", "pk": 48, "fields": {"product": 14, "quantity": 1}}, {"model": "store.cartitem", "pk": 49, "fields": {"product": 10, "quantity": 1}}, {"model": "store.cartitem", "pk": 50, "fields": {"product": 18, "quantity": 1}}, {"model": "store.cartitem", "pk": 51, "fields": {"product": 19, "quantity": 2}}, {"model": "store.cartitem", "pk": 52, "fields": {"product": 11, "quantity": 1}}, {"model": "store.cartitem", "pk": 53, "fields": {"product": 11, "quantity": 1}}, {"model": "store.cartitem", "pk": 54, "fields": {"product": 11, "quantity": 1}}, {"model": "store.cartitem", "pk": 55, "fields": {"product": 15, "quantity": 1}}, {"model": "store.cartitem", "pk": 56, "fields": {"product": 16, "quantity": 1}}, {"model": "store.cartitem", "pk": 57, "fields": {"product": 1, "quantity": 1}}, {"model": "store.cartitem", "pk": 58, "fields": {"product": 16, "quantity": 1}}, {"model": "store.cartitem", "pk": 59, "fields": {"product": 18, "quantity": 1}}, {"model": "store.cartitem", "pk": 60, "fields": {"product": 18, "quantity": 1}}, {"model": "store.cartitem", "pk": 61, "fields": {"product": 18, "quantity": 9}}, {"model": "store.cartitem", "pk": 62, "fields": {"product": 12, "quantity": 1}}, {"model": "store.cartitem", "pk": 63, "fields": {"product": 12, "quantity": 2}}, {"model": "store.cartitem", "pk": 64, "fields": {"product": 19, "quantity": 3}}, {"model": "store.cartitem", "pk": 65, "fields": {"product": 20, "quantity": 2}}, {"model": "store.cartitem", "pk": 66, "fields": {"product": 20, "quantity": 1}}, {"model": "store.cartitem", "pk": 67, "fields": {"product": 20, "quantity": 24}}, {"model": "store.cartitem", "pk": 68, "fields": {"product": 20, "quantity": 1}}, {"model": "store.cartitem", "pk": 69, "fields": {"product": 18, "quantity": 1}}, {"model": "store.cart", "pk": 1, "fields": {"session": null, "created_at": "2021-06-14T15:55:11.829Z", "is_checked_out": false, "is_timed_out": false, "items": [4, 5]}}, {"model": "store.cart", "pk": 2, "fields": {"session": null, "created_at": "2021-06-15T22:57:21.684Z", "is_checked_out": false, "is_timed_out": false, "items": [6]}}, {"model": "store.cart", "pk": 3, "fields": {"session": null, "created_at": "2021-06-17T18:35:23.237Z", "is_checked_out": false, "is_timed_out": false, "items": [7]}}, {"model": "store.cart", "pk": 4, "fields": {"session": null, "created_at": "2021-06-17T18:38:53.287Z", "is_checked_out": false, "is_timed_out": false, "items": [8]}}, {"model": "store.cart", "pk": 5, "fields": {"session": null, "created_at": "2021-06-17T18:44:50.932Z", "is_checked_out": false, "is_timed_out": false, "items": [9]}}, {"model": "store.cart", "pk": 6, "fields": {"session": null, "created_at": "2021-06-17T18:48:40.720Z", "is_checked_out": false, "is_timed_out": false, "items": [10]}}, {"model": "store.cart", "pk": 7, "fields": {"session": null, "created_at": "2021-06-17T19:11:38.366Z", "is_checked_out": false, "is_timed_out": false, "items": [11]}}, {"model": "store.cart", "pk": 8, "fields": {"session": null, "created_at": "2021-06-17T19:17:23.604Z", "is_checked_out": false, "is_timed_out": false, "items": [12]}}, {"model": "store.cart", "pk": 9, "fields": {"session": null, "created_at": "2021-06-17T19:30:00.263Z", "is_checked_out": false, "is_timed_out": false, "items": [13]}}, {"model": "store.cart", "pk": 10, "fields": {"session": null, "created_at": "2021-06-17T22:08:55.268Z", "is_checked_out": false, "is_timed_out": false, "items": [14]}}, {"model": "store.cart", "pk": 11, "fields": {"session": null, "created_at": "2021-06-18T01:40:52.636Z", "is_checked_out": false, "is_timed_out": false, "items": [15]}}, {"model": "store.cart", "pk": 12, "fields": {"session": null, "created_at": "2021-06-18T14:34:08.732Z", "is_checked_out": false, "is_timed_out": false, "items": [20]}}, {"model": "store.cart", "pk": 13, "fields": {"session": null, "created_at": "2021-06-18T15:33:50.677Z", "is_checked_out": false, "is_timed_out": false, "items": [21]}}, {"model": "store.cart", "pk": 14, "fields": {"session": null, "created_at": "2021-06-18T15:57:03.914Z", "is_checked_out": false, "is_timed_out": false, "items": [22]}}, {"model": "store.cart", "pk": 15, "fields": {"session": null, "created_at": "2021-06-18T15:59:21.090Z", "is_checked_out": false, "is_timed_out": false, "items": [23]}}, {"model": "store.cart", "pk": 16, "fields": {"session": null, "created_at": "2021-06-18T16:17:43.112Z", "is_checked_out": false, "is_timed_out": false, "items": [24]}}, {"model": "store.cart", "pk": 23, "fields": {"session": "kzwnonquewe3mtu4mdjvs97lfdrq0l9c", "created_at": "2021-06-25T00:57:01.675Z", "is_checked_out": false, "is_timed_out": false, "items": [39]}}, {"model": "store.cart", "pk": 25, "fields": {"session": null, "created_at": "2021-06-25T20:10:13.218Z", "is_checked_out": false, "is_timed_out": false, "items": [41]}}, {"model": "store.cart", "pk": 28, "fields": {"session": "53s75uk2ekfuiw07yg1wanpxofsnjycn", "created_at": "2021-06-25T22:30:51.636Z", "is_checked_out": false, "is_timed_out": false, "items": [44]}}, {"model": "store.cart", "pk": 30, "fields": {"session": "ibavxd81v6hucwj54gzgwbtwkyh9gqlq", "created_at": "2021-06-26T14:49:50.544Z", "is_checked_out": false, "is_timed_out": false, "items": [46]}}, {"model": "store.cart", "pk": 32, "fields": {"session": "oo2fqiamzq61dy4zeyfe3n2x1ram3i78", "created_at": "2021-06-28T01:10:51.378Z", "is_checked_out": false, "is_timed_out": false, "items": [49]}}, {"model": "store.cart", "pk": 33, "fields": {"session": null, "created_at": "2021-06-28T21:48:49.393Z", "is_checked_out": false, "is_timed_out": false, "items": [50]}}, {"model": "store.cart", "pk": 34, "fields": {"session": "vmsh97fyhffqpm9mkx6nx4yrze7bkwaj", "created_at": "2021-06-28T22:09:21.086Z", "is_checked_out": false, "is_timed_out": false, "items": []}}, {"model": "store.cart", "pk": 35, "fields": {"session": "1dlygwezacp1nnor640vvggo7ksx7b2b", "created_at": "2021-07-13T18:15:48.140Z", "is_checked_out": false, "is_timed_out": false, "items": [51]}}, {"model": "store.cart", "pk": 40, "fields": {"session": null, "created_at": "2021-09-09T22:43:40.826Z", "is_checked_out": true, "is_timed_out": false, "items": [58]}}, {"model": "store.cart", "pk": 41, "fields": {"session": null, "created_at": "2021-09-09T23:56:37.636Z", "is_checked_out": true, "is_timed_out": false, "items": [59]}}, {"model": "store.cart", "pk": 42, "fields": {"session": null, "created_at": "2021-09-10T00:02:56.842Z", "is_checked_out": true, "is_timed_out": false, "items": [60]}}, {"model": "store.cart", "pk": 43, "fields": {"session": null, "created_at": "2021-09-10T00:16:21.501Z", "is_checked_out": true, "is_timed_out": false, "items": [61]}}, {"model": "store.cart", "pk": 44, "fields": {"session": null, "created_at": "2021-09-10T02:45:37.894Z", "is_checked_out": true, "is_timed_out": false, "items": [62]}}, {"model": "store.cart", "pk": 49, "fields": {"session": null, "created_at": "2021-09-10T05:32:08.954Z", "is_checked_out": true, "is_timed_out": false, "items": [68]}}, {"model": "store.cart", "pk": 50, "fields": {"session": null, "created_at": "2021-09-10T18:45:41.951Z", "is_checked_out": true, "is_timed_out": false, "items": [69]}}, {"model": "users.adress", "pk": 1, "fields": {"receiver": "Tiago Lourenþo", "street": "dsdf", "postal_code": "434343", "city": "dsds", "district": "dsds", "contact": 4343, "nif": 4343}}, {"model": "users.adress", "pk": 2, "fields": {"receiver": "Tiago Lo", "street": "55", "postal_code": "dsfs", "city": "fdsf", "district": "dsffds", "contact": 342, "nif": 3242}}, {"model": "users.adress", "pk": 3, "fields": {"receiver": "Tiago Lourenþo", "street": "fgf", "postal_code": "fdfd", "city": "fdfd", "district": "fdfd", "contact": 4343, "nif": null}}, {"model": "users.adress", "pk": 4, "fields": {"receiver": "TiAG lL", "street": "FFDS", "postal_code": "4343", "city": "FFD", "district": "FDFD", "contact": 443, "nif": 434343}}, {"model": "users.adress", "pk": 5, "fields": {"receiver": "TiAG lL", "street": "FFDS", "postal_code": "6565", "city": "FFD", "district": "FDFD", "contact": 443, "nif": 434343}}, {"model": "users.adress", "pk": 6, "fields": {"receiver": "TiAG lL", "street": "FFDS", "postal_code": "6767", "city": "FFD", "district": "FDFD", "contact": 443, "nif": 434343}}, {"model": "users.adress", "pk": 7, "fields": {"receiver": "TiAG lL", "street": "FFDS", "postal_code": "676", "city": "FFD", "district": "FDFD", "contact": 443, "nif": 434343}}, {"model": "users.adress", "pk": 8, "fields": {"receiver": "TiAG lL", "street": "FFDS", "postal_code": "676", "city": "FFD", "district": "FDFD", "contact": 443, "nif": 434343}}, {"model": "users.adress", "pk": 9, "fields": {"receiver": "TiAG lL", "street": "FFDS", "postal_code": "767", "city": "FFD", "district": "FDFD", "contact": 443, "nif": 434343}}, {"model": "users.adress", "pk": 10, "fields": {"receiver": "TiAG lL", "street": "FFDS", "postal_code": "76", "city": "FFD", "district": "FDFD", "contact": 443, "nif": 434343}}, {"model": "users.adress", "pk": 11, "fields": {"receiver": "TiAG lL", "street": "FFDS", "postal_code": "uu", "city": "FFD", "district": "FDFD", "contact": 443, "nif": 434343}}, {"model": "users.adress", "pk": 12, "fields": {"receiver": "TiAG lL", "street": "FFDS", "postal_code": "87", "city": "FFD", "district": "FDFD", "contact": 443, "nif": 434343}}, {"model": "users.adress", "pk": 13, "fields": {"receiver": "TiAG lL", "street": "FFDS", "postal_code": "555", "city": "FFD", "district": "FDFD", "contact": 443, "nif": 434343}}, {"model": "users.adress", "pk": 14, "fields": {"receiver": "TiAG lL", "street": "FFDS", "postal_code": "66", "city": "FFD", "district": "FDFD", "contact": 443, "nif": 434343}}, {"model": "users.adress", "pk": 15, "fields": {"receiver": "TiAG lL", "street": "FFDS", "postal_code": "kj", "city": "FFD", "district": "FDFD", "contact": 443, "nif": 434343}}, {"model": "users.adress", "pk": 16, "fields": {"receiver": "TiAG lL", "street": "FFDS", "postal_code": "iui", "city": "FFD", "district": "FDFD", "contact": 443, "nif": 434343}}, {"model": "users.adress", "pk": 17, "fields": {"receiver": "TiAG lL", "street": "FFDS", "postal_code": "iui", "city": "FFD", "district": "FDFD", "contact": 443, "nif": 434343}}, {"model": "users.adress", "pk": 18, "fields": {"receiver": "TiAG lL", "street": "FFDS", "postal_code": "uu", "city": "FFD", "district": "FDFD", "contact": 443, "nif": 434343}}, {"model": "users.adress", "pk": 19, "fields": {"receiver": "TiAG lL", "street": "FFDS", "postal_code": "hj", "city": "FFD", "district": "FDFD", "contact": 443, "nif": 434343}}, {"model": "users.adress", "pk": 20, "fields": {"receiver": "TiAG lL", "street": "FFDS", "postal_code": "uuu", "city": "FFD", "district": "FDFD", "contact": 443, "nif": 434343}}, {"model": "users.adress", "pk": 21, "fields": {"receiver": "TiAG lL", "street": "FFDS", "postal_code": "kjj", "city": "FFD", "district": "FDFD", "contact": 443, "nif": 434343}}, {"model": "users.adress", "pk": 22, "fields": {"receiver": "TiAG lL", "street": "FFDS", "postal_code": "kkjkj", "city": "FFD", "district": "FDFD", "contact": 443, "nif": 434343}}, {"model": "users.adress", "pk": 23, "fields": {"receiver": "TiAG lL", "street": "FFDS", "postal_code": "jjhjh", "city": "FFD", "district": "FDFD", "contact": 443, "nif": 434343}}, {"model": "users.adress", "pk": 24, "fields": {"receiver": "TiAG lL", "street": "FFDS", "postal_code": "uuu", "city": "FFD", "district": "FDFD", "contact": 443, "nif": 434343}}, {"model": "users.adress", "pk": 25, "fields": {"receiver": "TiAG lL", "street": "FFDS", "postal_code": "uuu", "city": "FFD", "district": "FDFD", "contact": 443, "nif": 434343}}, {"model": "users.adress", "pk": 26, "fields": {"receiver": "TiAG lL", "street": "FFDS", "postal_code": "yyy", "city": "FFD", "district": "FDFD", "contact": 443, "nif": 434343}}, {"model": "users.adress", "pk": 27, "fields": {"receiver": "TiAG lL", "street": "FFDS", "postal_code": "uyyuyu", "city": "FFD", "district": "FDFD", "contact": 443, "nif": 434343}}, {"model": "users.adress", "pk": 28, "fields": {"receiver": "TiAG lL", "street": "FFDS", "postal_code": "ll", "city": "FFD", "district": "FDFD", "contact": 443, "nif": 434343}}, {"model": "users.adress", "pk": 29, "fields": {"receiver": "TiAG lL", "street": "FFDS", "postal_code": "hhg", "city": "FFD", "district": "FDFD", "contact": 443, "nif": 434343}}, {"model": "users.adress", "pk": 30, "fields": {"receiver": "TiAG lL", "street": "FFDS", "postal_code": "hh", "city": "FFD", "district": "FDFD", "contact": 443, "nif": 434343}}, {"model": "users.adress", "pk": 31, "fields": {"receiver": "TiAG lL", "street": "FFDS", "postal_code": "tt", "city": "FFD", "district": "FDFD", "contact": 443, "nif": 434343}}, {"model": "users.adress", "pk": 32, "fields": {"receiver": "TiAG lL", "street": "FFDS", "postal_code": "jjj", "city": "FFD", "district": "FDFD", "contact": 443, "nif": 434343}}, {"model": "users.adress", "pk": 33, "fields": {"receiver": "TiAG lL", "street": "FFDS", "postal_code": "kk", "city": "FFD", "district": "FDFD", "contact": 443, "nif": 434343}}, {"model": "users.adress", "pk": 34, "fields": {"receiver": "TiAG lL", "street": "FFDS", "postal_code": "jjj", "city": "FFD", "district": "FDFD", "contact": 443, "nif": 434343}}, {"model": "users.adress", "pk": 35, "fields": {"receiver": "TiAG lL", "street": "FFDS", "postal_code": "uu", "city": "FFD", "district": "FDFD", "contact": 443, "nif": 434343}}, {"model": "users.adress", "pk": 36, "fields": {"receiver": "TiAG lL", "street": "FFDS", "postal_code": "uu", "city": "FFD", "district": "FDFD", "contact": 443, "nif": 434343}}, {"model": "users.adress", "pk": 37, "fields": {"receiver": "TiAG lL", "street": "FFDS", "postal_code": "uuu", "city": "FFD", "district": "FDFD", "contact": 443, "nif": 434343}}, {"model": "users.adress", "pk": 38, "fields": {"receiver": "TiAG lL", "street": "FFDS", "postal_code": "kkk", "city": "FFD", "district": "FDFD", "contact": 443, "nif": 434343}}, {"model": "users.adress", "pk": 39, "fields": {"receiver": "TiAG lL", "street": "FFDS", "postal_code": "jjjj", "city": "FFD", "district": "FDFD", "contact": 443, "nif": 434343}}, {"model": "users.adress", "pk": 40, "fields": {"receiver": "TiAG lL", "street": "FFDS", "postal_code": "nnb", "city": "FFD", "district": "FDFD", "contact": 443, "nif": 434343}}, {"model": "users.adress", "pk": 41, "fields": {"receiver": "TiAG lL", "street": "FFDS", "postal_code": "ggg", "city": "FFD", "district": "FDFD", "contact": 443, "nif": 434343}}, {"model": "users.adress", "pk": 42, "fields": {"receiver": "TiAG lL", "street": "FFDS", "postal_code": "hh", "city": "FFD", "district": "FDFD", "contact": 443, "nif": 434343}}, {"model": "users.adress", "pk": 43, "fields": {"receiver": "TiAG lL", "street": "FFDS", "postal_code": "jj", "city": "FFD", "district": "FDFD", "contact": 443, "nif": 434343}}, {"model": "users.adress", "pk": 44, "fields": {"receiver": "TiAG lL", "street": "FFDS", "postal_code": "kkk", "city": "FFD", "district": "FDFD", "contact": 443, "nif": 434343}}, {"model": "users.adress", "pk": 45, "fields": {"receiver": "TiAG lL", "street": "FFDS", "postal_code": "ggg", "city": "FFD", "district": "FDFD", "contact": 443, "nif": 434343}}, {"model": "users.adress", "pk": 46, "fields": {"receiver": "TiAG lL", "street": "FFDS", "postal_code": "kukk", "city": "FFD", "district": "FDFD", "contact": 443, "nif": 434343}}, {"model": "users.adress", "pk": 47, "fields": {"receiver": "TiAG lL", "street": "FFDS", "postal_code": "uu", "city": "FFD", "district": "FDFD", "contact": 443, "nif": 434343}}, {"model": "users.adress", "pk": 48, "fields": {"receiver": "TiAG lL", "street": "FFDS", "postal_code": "55", "city": "FFD", "district": "FDFD", "contact": 443, "nif": 434343}}, {"model": "users.adress", "pk": 49, "fields": {"receiver": "TiAG lL", "street": "FFDS", "postal_code": "555", "city": "FFD", "district": "FDFD", "contact": 443, "nif": 434343}}, {"model": "users.adress", "pk": 50, "fields": {"receiver": "TiAG lL", "street": "FFDS", "postal_code": "55", "city": "FFD", "district": "FDFD", "contact": 443, "nif": 434343}}, {"model": "users.adress", "pk": 51, "fields": {"receiver": "TiAG lL", "street": "FFDS", "postal_code": "bvb", "city": "FFD", "district": "FDFD", "contact": 443, "nif": 434343}}, {"model": "users.adress", "pk": 52, "fields": {"receiver": "TiAG lL", "street": "vbvb", "postal_code": "fdfd", "city": "vbvb", "district": "vbvb", "contact": 3443, "nif": 4343}}, {"model": "users.adress", "pk": 53, "fields": {"receiver": "TiAG lL", "street": "FFDS", "postal_code": "5454", "city": "FFD", "district": "FDFD", "contact": 443, "nif": 434343}}, {"model": "users.adress", "pk": 54, "fields": {"receiver": "TiAG lL", "street": "FFDS", "postal_code": "jjj", "city": "FFD", "district": "FDFD", "contact": 443, "nif": 434343}}, {"model": "users.adress", "pk": 55, "fields": {"receiver": "TiAG lL", "street": "FFDS", "postal_code": "uu", "city": "FFD", "district": "FDFD", "contact": 443, "nif": 434343}}, {"model": "users.adress", "pk": 56, "fields": {"receiver": "TiAG lL", "street": "FFDS", "postal_code": "uuy", "city": "FFD", "district": "FDFD", "contact": 443, "nif": 434343}}, {"model": "users.adress", "pk": 57, "fields": {"receiver": "TiAG lL", "street": "FFDS", "postal_code": "8", "city": "FFD", "district": "FDFD", "contact": 443, "nif": 434343}}, {"model": "users.adress", "pk": 58, "fields": {"receiver": "TiAG lL", "street": "FFDS", "postal_code": "uu", "city": "FFD", "district": "FDFD", "contact": 443, "nif": 434343}}, {"model": "users.adress", "pk": 59, "fields": {"receiver": "TiAG lL", "street": "FFDS", "postal_code": "jjj", "city": "FFD", "district": "FDFD", "contact": 443, "nif": 434343}}, {"model": "users.adress", "pk": 60, "fields": {"receiver": "TiAG lL", "street": "FFDS", "postal_code": "jjj", "city": "FFD", "district": "FDFD", "contact": 443, "nif": 434343}}, {"model": "users.adress", "pk": 61, "fields": {"receiver": "TiAG lL", "street": "FFDS", "postal_code": "hhh", "city": "FFD", "district": "FDFD", "contact": 443, "nif": 434343}}, {"model": "users.adress", "pk": 62, "fields": {"receiver": "TiAG lL", "street": "FFDS", "postal_code": "777", "city": "FFD", "district": "FDFD", "contact": 443, "nif": 434343}}, {"model": "users.adress", "pk": 63, "fields": {"receiver": "TiAG lL", "street": "FFDS", "postal_code": "fff", "city": "FFD", "district": "FDFD", "contact": 443, "nif": 434343}}, {"model": "users.adress", "pk": 64, "fields": {"receiver": "TiAG lL", "street": "FFDS", "postal_code": "hh", "city": "FFD", "district": "FDFD", "contact": 443, "nif": 434343}}, {"model": "users.adress", "pk": 65, "fields": {"receiver": "tuj kjk", "street": "jhjh", "postal_code": "hhq", "city": "jh", "district": "h", "contact": 55454, "nif": 65565}}, {"model": "users.adress", "pk": 66, "fields": {"receiver": "YTids kdlk", "street": "hgfg", "postal_code": "gghhg", "city": "rtrt", "district": "rtrt", "contact": 454, "nif": 545454}}, {"model": "users.adress", "pk": 67, "fields": {"receiver": "YTids kdlk", "street": "hghghg", "postal_code": "hghg", "city": "hghghg", "district": "hghg", "contact": 6554, "nif": 66565}}, {"model": "users.adress", "pk": 68, "fields": {"receiver": "fdsd ds", "street": "hjhjh", "postal_code": "llk", "city": "jhkj", "district": "hkh", "contact": 776, "nif": 7667}}, {"model": "users.adress", "pk": 69, "fields": {"receiver": "Tiago", "street": "Rua frei heitor pinto", "postal_code": "4535", "city": "Covilha", "district": "Covilha", "contact": 5556455, "nif": null}}, {"model": "users.adress", "pk": 70, "fields": {"receiver": "Tiago Lourenþo", "street": "cxvvcx", "postal_code": "455454", "city": "fgfg", "district": "fgfg", "contact": 5545, "nif": null}}, {"model": "users.adress", "pk": 71, "fields": {"receiver": "Tiago Lourenþo", "street": "jjh", "postal_code": "878787", "city": "jhjhjh", "district": "jhjhjh", "contact": 8787878787, "nif": null}}, {"model": "users.adress", "pk": 72, "fields": {"receiver": "Tiago Lourenþo", "street": "cxvvcx", "postal_code": "52", "city": "fgfg", "district": "fgfg", "contact": 5545, "nif": 121212}}, {"model": "users.adress", "pk": 73, "fields": {"receiver": "Tiago Lourenþo", "street": "cxvvcx", "postal_code": "554545", "city": "fgfg", "district": "fgfg", "contact": 5545, "nif": null}}, {"model": "users.adress", "pk": 74, "fields": {"receiver": "Filipe Ant¾nio", "street": "kjjkj", "postal_code": "555", "city": "jhjhjh", "district": "Guarda", "contact": 44545, "nif": null}}, {"model": "users.profile", "pk": 1, "fields": {"user": 1, "adress": 1, "adress_billing": null}}, {"model": "users.profile", "pk": 2, "fields": {"user": 2, "adress": 2, "adress_billing": null}}, {"model": "users.profile", "pk": 3, "fields": {"user": 3, "adress": 3, "adress_billing": null}}, {"model": "users.profile", "pk": 4, "fields": {"user": 4, "adress": null, "adress_billing": null}}, {"model": "users.profile", "pk": 5, "fields": {"user": 5, "adress": 64, "adress_billing": 52}}, {"model": "users.profile", "pk": 6, "fields": {"user": 6, "adress": 65, "adress_billing": null}}, {"model": "users.profile", "pk": 7, "fields": {"user": 7, "adress": 67, "adress_billing": 66}}, {"model": "users.profile", "pk": 8, "fields": {"user": 8, "adress": 69, "adress_billing": null}}, {"model": "users.profile", "pk": 9, "fields": {"user": 9, "adress": 74, "adress_billing": null}}, {"model": "users.profile", "pk": 10, "fields": {"user": 10, "adress": 71, "adress_billing": 73}}, {"model": "orders.shipment", "pk": 1, "fields": {"name": "CTT Expresso", "price": "3.20"}}, {"model": "orders.shipment", "pk": 2, "fields": {"name": "Levantamento na Loja", "price": "0.00"}}, {"model": "orders.payment", "pk": 1, "fields": {"name": "Multibanco"}}, {"model": "orders.payment", "pk": 2, "fields": {"name": "Multibanco"}}, {"model": "orders.payment", "pk": 3, "fields": {"name": "Multibanco"}}, {"model": "orders.payment", "pk": 4, "fields": {"name": "Multibanco"}}, {"model": "orders.payment", "pk": 5, "fields": {"name": "Multibanco"}}, {"model": "orders.payment", "pk": 6, "fields": {"name": "Multibanco"}}, {"model": "orders.payment", "pk": 7, "fields": {"name": "Multibanco"}}, {"model": "orders.payment", "pk": 8, "fields": {"name": "Multibanco"}}, {"model": "orders.payment", "pk": 9, "fields": {"name": "Multibanco"}}, {"model": "orders.payment", "pk": 10, "fields": {"name": "Multibanco"}}, {"model": "orders.payment", "pk": 11, "fields": {"name": "Multibanco"}}, {"model": "orders.payment", "pk": 12, "fields": {"name": "Multibanco"}}, {"model": "orders.payment", "pk": 13, "fields": {"name": "Multibanco"}}, {"model": "orders.payment", "pk": 14, "fields": {"name": "Multibanco"}}, {"model": "orders.payment", "pk": 15, "fields": {"name": "Multibanco"}}, {"model": "orders.payment", "pk": 16, "fields": {"name": "Multibanco"}}, {"model": "orders.payment", "pk": 17, "fields": {"name": "Multibanco"}}, {"model": "orders.payment", "pk": 18, "fields": {"name": "Multibanco"}}, {"model": "orders.payment", "pk": 19, "fields": {"name": "Multibanco"}}, {"model": "orders.payment", "pk": 20, "fields": {"name": "Credit"}}, {"model": "orders.payment", "pk": 21, "fields": {"name": "Multibanco"}}, {"model": "orders.payment", "pk": 22, "fields": {"name": "Multibanco"}}, {"model": "orders.payment", "pk": 23, "fields": {"name": "Multibanco"}}, {"model": "orders.payment", "pk": 24, "fields": {"name": "Multibanco"}}, {"model": "orders.payment", "pk": 25, "fields": {"name": "Multibanco"}}, {"model": "orders.payment", "pk": 26, "fields": {"name": "Multibanco"}}, {"model": "orders.payment", "pk": 27, "fields": {"name": "Multibanco"}}, {"model": "orders.payment", "pk": 28, "fields": {"name": "Multibanco"}}, {"model": "orders.payment", "pk": 29, "fields": {"name": "Multibanco"}}, {"model": "orders.payment", "pk": 30, "fields": {"name": "Multibanco"}}, {"model": "orders.payment", "pk": 31, "fields": {"name": "Multibanco"}}, {"model": "orders.payment", "pk": 32, "fields": {"name": "Multibanco"}}, {"model": "orders.payment", "pk": 33, "fields": {"name": "Multibanco"}}, {"model": "orders.payment", "pk": 34, "fields": {"name": "Multibanco"}}, {"model": "orders.payment", "pk": 35, "fields": {"name": "Multibanco"}}, {"model": "orders.payment", "pk": 36, "fields": {"name": "Multibanco"}}, {"model": "orders.payment", "pk": 37, "fields": {"name": "Multibanco"}}, {"model": "orders.payment", "pk": 38, "fields": {"name": "Multibanco"}}, {"model": "orders.payment", "pk": 39, "fields": {"name": "Multibanco"}}, {"model": "orders.payment", "pk": 40, "fields": {"name": "Multibanco"}}, {"model": "orders.detail", "pk": 1, "fields": {"payment": 1, "title": "entidade", "description": "9495059439"}}, {"model": "orders.detail", "pk": 2, "fields": {"payment": 1, "title": "referencia", "description": "9495059439"}}, {"model": "orders.detail", "pk": 3, "fields": {"payment": 1, "title": "valor", "description": "209.20"}}, {"model": "orders.detail", "pk": 4, "fields": {"payment": 2, "title": "entidade", "description": "9495059439"}}, {"model": "orders.detail", "pk": 5, "fields": {"payment": 2, "title": "referencia", "description": "9495059439"}}, {"model": "orders.detail", "pk": 6, "fields": {"payment": 2, "title": "valor", "description": "209.20"}}, {"model": "orders.detail", "pk": 7, "fields": {"payment": 3, "title": "entidade", "description": "9495059439"}}, {"model": "orders.detail", "pk": 8, "fields": {"payment": 3, "title": "referencia", "description": "9495059439"}}, {"model": "orders.detail", "pk": 9, "fields": {"payment": 3, "title": "valor", "description": "123.20"}}, {"model": "orders.detail", "pk": 10, "fields": {"payment": 4, "title": "entidade", "description": "9495059439"}}, {"model": "orders.detail", "pk": 11, "fields": {"payment": 4, "title": "referencia", "description": "9495059439"}}, {"model": "orders.detail", "pk": 12, "fields": {"payment": 4, "title": "valor", "description": "95.45"}}, {"model": "orders.detail", "pk": 13, "fields": {"payment": 5, "title": "entidade", "description": "9495059439"}}, {"model": "orders.detail", "pk": 14, "fields": {"payment": 5, "title": "referencia", "description": "9495059439"}}, {"model": "orders.detail", "pk": 15, "fields": {"payment": 5, "title": "valor", "description": "95.45"}}, {"model": "orders.detail", "pk": 16, "fields": {"payment": 6, "title": "entidade", "description": "9495059439"}}, {"model": "orders.detail", "pk": 17, "fields": {"payment": 6, "title": "referencia", "description": "9495059439"}}, {"model": "orders.detail", "pk": 18, "fields": {"payment": 6, "title": "valor", "description": "123.20"}}, {"model": "orders.detail", "pk": 19, "fields": {"payment": 7, "title": "entidade", "description": "9495059439"}}, {"model": "orders.detail", "pk": 20, "fields": {"payment": 7, "title": "referencia", "description": "9495059439"}}, {"model": "orders.detail", "pk": 21, "fields": {"payment": 7, "title": "valor", "description": "123.20"}}, {"model": "orders.detail", "pk": 22, "fields": {"payment": 8, "title": "entidade", "description": "9495059439"}}, {"model": "orders.detail", "pk": 23, "fields": {"payment": 8, "title": "referencia", "description": "9495059439"}}, {"model": "orders.detail", "pk": 24, "fields": {"payment": 8, "title": "valor", "description": "363.20"}}, {"model": "orders.detail", "pk": 25, "fields": {"payment": 9, "title": "entidade", "description": "9495059439"}}, {"model": "orders.detail", "pk": 26, "fields": {"payment": 9, "title": "referencia", "description": "9495059439"}}, {"model": "orders.detail", "pk": 27, "fields": {"payment": 9, "title": "valor", "description": "46.20"}}, {"model": "orders.detail", "pk": 28, "fields": {"payment": 10, "title": "entidade", "description": "9495059439"}}, {"model": "orders.detail", "pk": 29, "fields": {"payment": 10, "title": "referencia", "description": "9495059439"}}, {"model": "orders.detail", "pk": 30, "fields": {"payment": 10, "title": "valor", "description": "33.20"}}, {"model": "orders.detail", "pk": 31, "fields": {"payment": 11, "title": "entidade", "description": "9495059439"}}, {"model": "orders.detail", "pk": 32, "fields": {"payment": 11, "title": "referencia", "description": "9495059439"}}, {"model": "orders.detail", "pk": 33, "fields": {"payment": 11, "title": "valor", "description": "303.20"}}, {"model": "orders.detail", "pk": 34, "fields": {"payment": 12, "title": "entidade", "description": "9495059439"}}, {"model": "orders.detail", "pk": 35, "fields": {"payment": 12, "title": "referencia", "description": "9495059439"}}, {"model": "orders.detail", "pk": 36, "fields": {"payment": 12, "title": "valor", "description": "33.20"}}, {"model": "orders.detail", "pk": 37, "fields": {"payment": 13, "title": "entidade", "description": "9495059439"}}, {"model": "orders.detail", "pk": 38, "fields": {"payment": 13, "title": "referencia", "description": "9495059439"}}, {"model": "orders.detail", "pk": 39, "fields": {"payment": 13, "title": "valor", "description": "33.20"}}, {"model": "orders.detail", "pk": 40, "fields": {"payment": 14, "title": "entidade", "description": "9495059439"}}, {"model": "orders.detail", "pk": 41, "fields": {"payment": 14, "title": "referencia", "description": "9495059439"}}, {"model": "orders.detail", "pk": 42, "fields": {"payment": 14, "title": "valor", "description": "43.50"}}, {"model": "orders.detail", "pk": 43, "fields": {"payment": 15, "title": "entidade", "description": "9495059439"}}, {"model": "orders.detail", "pk": 44, "fields": {"payment": 15, "title": "referencia", "description": "9495059439"}}, {"model": "orders.detail", "pk": 45, "fields": {"payment": 15, "title": "valor", "description": "43.50"}}, {"model": "orders.detail", "pk": 46, "fields": {"payment": 16, "title": "entidade", "description": "9495059439"}}, {"model": "orders.detail", "pk": 47, "fields": {"payment": 16, "title": "referencia", "description": "9495059439"}}, {"model": "orders.detail", "pk": 48, "fields": {"payment": 16, "title": "valor", "description": "23.35"}}, {"model": "orders.detail", "pk": 49, "fields": {"payment": 17, "title": "entidade", "description": "9495059439"}}, {"model": "orders.detail", "pk": 50, "fields": {"payment": 17, "title": "referencia", "description": "9495059439"}}, {"model": "orders.detail", "pk": 51, "fields": {"payment": 17, "title": "valor", "description": "63.65"}}, {"model": "orders.detail", "pk": 52, "fields": {"payment": 18, "title": "entidade", "description": "9495059439"}}, {"model": "orders.detail", "pk": 53, "fields": {"payment": 18, "title": "referencia", "description": "9495059439"}}, {"model": "orders.detail", "pk": 54, "fields": {"payment": 18, "title": "valor", "description": "25.20"}}, {"model": "orders.detail", "pk": 55, "fields": {"payment": 19, "title": "entidade", "description": "9495059439"}}, {"model": "orders.detail", "pk": 56, "fields": {"payment": 19, "title": "referencia", "description": "9495059439"}}, {"model": "orders.detail", "pk": 57, "fields": {"payment": 19, "title": "valor", "description": "69.20"}}, {"model": "orders.detail", "pk": 58, "fields": {"payment": 21, "title": "entidade", "description": "9495059439"}}, {"model": "orders.detail", "pk": 59, "fields": {"payment": 21, "title": "referencia", "description": "9495059439"}}, {"model": "orders.detail", "pk": 60, "fields": {"payment": 21, "title": "valor", "description": "47.20"}}, {"model": "orders.detail", "pk": 61, "fields": {"payment": 22, "title": "entidade", "description": "9495059439"}}, {"model": "orders.detail", "pk": 62, "fields": {"payment": 22, "title": "referencia", "description": "9495059439"}}, {"model": "orders.detail", "pk": 63, "fields": {"payment": 22, "title": "valor", "description": "165.20"}}, {"model": "orders.detail", "pk": 64, "fields": {"payment": 23, "title": "entidade", "description": "9495059439"}}, {"model": "orders.detail", "pk": 65, "fields": {"payment": 23, "title": "referencia", "description": "9495059439"}}, {"model": "orders.detail", "pk": 66, "fields": {"payment": 23, "title": "valor", "description": "25.50"}}, {"model": "orders.detail", "pk": 67, "fields": {"payment": 24, "title": "entidade", "description": "9495059439"}}, {"model": "orders.detail", "pk": 68, "fields": {"payment": 24, "title": "referencia", "description": "9495059439"}}, {"model": "orders.detail", "pk": 69, "fields": {"payment": 24, "title": "valor", "description": "22.00"}}, {"model": "orders.detail", "pk": 70, "fields": {"payment": 25, "title": "entidade", "description": "9495059439"}}, {"model": "orders.detail", "pk": 71, "fields": {"payment": 25, "title": "referencia", "description": "9495059439"}}, {"model": "orders.detail", "pk": 72, "fields": {"payment": 25, "title": "valor", "description": "47.20"}}, {"model": "orders.detail", "pk": 73, "fields": {"payment": 26, "title": "entidade", "description": "9495059439"}}, {"model": "orders.detail", "pk": 74, "fields": {"payment": 26, "title": "referencia", "description": "9495059439"}}, {"model": "orders.detail", "pk": 75, "fields": {"payment": 26, "title": "valor", "description": "80.20"}}, {"model": "orders.detail", "pk": 76, "fields": {"payment": 27, "title": "entidade", "description": "9495059439"}}, {"model": "orders.detail", "pk": 77, "fields": {"payment": 27, "title": "referencia", "description": "9495059439"}}, {"model": "orders.detail", "pk": 78, "fields": {"payment": 27, "title": "valor", "description": "25.50"}}, {"model": "orders.detail", "pk": 79, "fields": {"payment": 28, "title": "entidade", "description": "9495059439"}}, {"model": "orders.detail", "pk": 80, "fields": {"payment": 28, "title": "referencia", "description": "9495059439"}}, {"model": "orders.detail", "pk": 81, "fields": {"payment": 28, "title": "valor", "description": "25.50"}}, {"model": "orders.detail", "pk": 82, "fields": {"payment": 29, "title": "entidade", "description": "9495059439"}}, {"model": "orders.detail", "pk": 83, "fields": {"payment": 29, "title": "referencia", "description": "9495059439"}}, {"model": "orders.detail", "pk": 84, "fields": {"payment": 29, "title": "valor", "description": "203.90"}}, {"model": "orders.detail", "pk": 85, "fields": {"payment": 30, "title": "entidade", "description": "9495059439"}}, {"model": "orders.detail", "pk": 86, "fields": {"payment": 30, "title": "referencia", "description": "9495059439"}}, {"model": "orders.detail", "pk": 87, "fields": {"payment": 30, "title": "valor", "description": "46.20"}}, {"model": "orders.detail", "pk": 88, "fields": {"payment": 31, "title": "entidade", "description": "9495059439"}}, {"model": "orders.detail", "pk": 89, "fields": {"payment": 31, "title": "referencia", "description": "9495059439"}}, {"model": "orders.detail", "pk": 90, "fields": {"payment": 31, "title": "valor", "description": "223314.20"}}, {"model": "orders.detail", "pk": 91, "fields": {"payment": 32, "title": "entidade", "description": "9495059439"}}, {"model": "orders.detail", "pk": 92, "fields": {"payment": 32, "title": "referencia", "description": "9495059439"}}, {"model": "orders.detail", "pk": 93, "fields": {"payment": 32, "title": "valor", "description": "223314.20"}}, {"model": "orders.detail", "pk": 94, "fields": {"payment": 33, "title": "entidade", "description": "9495059439"}}, {"model": "orders.detail", "pk": 95, "fields": {"payment": 33, "title": "referencia", "description": "9495059439"}}, {"model": "orders.detail", "pk": 96, "fields": {"payment": 33, "title": "valor", "description": "6770.20"}}, {"model": "orders.detail", "pk": 97, "fields": {"payment": 34, "title": "entidade", "description": "9495059439"}}, {"model": "orders.detail", "pk": 98, "fields": {"payment": 34, "title": "referencia", "description": "9495059439"}}, {"model": "orders.detail", "pk": 99, "fields": {"payment": 34, "title": "valor", "description": "25.50"}}, {"model": "orders.detail", "pk": 100, "fields": {"payment": 35, "title": "entidade", "description": "9495059439"}}, {"model": "orders.detail", "pk": 101, "fields": {"payment": 35, "title": "referencia", "description": "9495059439"}}, {"model": "orders.detail", "pk": 102, "fields": {"payment": 35, "title": "valor", "description": "25.50"}}, {"model": "orders.detail", "pk": 103, "fields": {"payment": 36, "title": "entidade", "description": "9495059439"}}, {"model": "orders.detail", "pk": 104, "fields": {"payment": 36, "title": "referencia", "description": "9495059439"}}, {"model": "orders.detail", "pk": 105, "fields": {"payment": 36, "title": "valor", "description": "25.50"}}, {"model": "orders.detail", "pk": 106, "fields": {"payment": 37, "title": "entidade", "description": "9495059439"}}, {"model": "orders.detail", "pk": 107, "fields": {"payment": 37, "title": "referencia", "description": "9495059439"}}, {"model": "orders.detail", "pk": 108, "fields": {"payment": 37, "title": "valor", "description": "25.50"}}, {"model": "orders.detail", "pk": 109, "fields": {"payment": 38, "title": "entidade", "description": "9495059439"}}, {"model": "orders.detail", "pk": 110, "fields": {"payment": 38, "title": "referencia", "description": "9495059439"}}, {"model": "orders.detail", "pk": 111, "fields": {"payment": 38, "title": "valor", "description": "25.50"}}, {"model": "orders.detail", "pk": 112, "fields": {"payment": 39, "title": "entidade", "description": "9495059439"}}, {"model": "orders.detail", "pk": 113, "fields": {"payment": 39, "title": "referencia", "description": "9495059439"}}, {"model": "orders.detail", "pk": 114, "fields": {"payment": 39, "title": "valor", "description": "25.50"}}, {"model": "orders.detail", "pk": 115, "fields": {"payment": 40, "title": "entidade", "description": "9495059439"}}, {"model": "orders.detail", "pk": 116, "fields": {"payment": 40, "title": "referencia", "description": "9495059439"}}, {"model": "orders.detail", "pk": 117, "fields": {"payment": 40, "title": "valor", "description": "25.50"}}, {"model": "orders.order", "pk": 1, "fields": {"user": 1, "cart": 1, "adress": 1, "adress_billing": null, "payment": 2, "shipment": 1, "total": "209.20", "note": "", "state": "4", "invoice": "", "tracking_number": "", "creation_date": "2021-06-17", "payment_receipt": "uploads/20200604_112806.jpg"}}, {"model": "orders.order", "pk": 2, "fields": {"user": 1, "cart": 2, "adress": 1, "adress_billing": null, "payment": 3, "shipment": 1, "total": "123.20", "note": "", "state": "4", "invoice": "", "tracking_number": "", "creation_date": "2021-06-17", "payment_receipt": ""}}, {"model": "orders.order", "pk": 3, "fields": {"user": 2, "cart": 3, "adress": 2, "adress_billing": null, "payment": 5, "shipment": 1, "total": "95.45", "note": "22", "state": "4", "invoice": "", "tracking_number": "", "creation_date": "2021-06-17", "payment_receipt": ""}}, {"model": "orders.order", "pk": 4, "fields": {"user": 2, "cart": 4, "adress": 2, "adress_billing": null, "payment": 6, "shipment": 1, "total": "123.20", "note": "", "state": "4", "invoice": "", "tracking_number": "", "creation_date": "2021-06-17", "payment_receipt": ""}}, {"model": "orders.order", "pk": 5, "fields": {"user": 2, "cart": 5, "adress": 2, "adress_billing": null, "payment": 7, "shipment": 1, "total": "123.20", "note": "", "state": "4", "invoice": "uploads/20200606_161145.jpg", "tracking_number": "hhhfvhj", "creation_date": "2021-06-17", "payment_receipt": "uploads/20200604_224304.jpg"}}, {"model": "orders.order", "pk": 6, "fields": {"user": 2, "cart": 6, "adress": 2, "adress_billing": null, "payment": 8, "shipment": 1, "total": "363.20", "note": "", "state": "4", "invoice": "uploads/20200604_112806_dKNFZP6.jpg", "tracking_number": "ijlkj454453", "creation_date": "2021-06-17", "payment_receipt": "uploads/20200603_142324.jpg"}}, {"model": "orders.order", "pk": 7, "fields": {"user": 2, "cart": 7, "adress": 2, "adress_billing": null, "payment": 9, "shipment": 1, "total": "46.20", "note": "", "state": "4", "invoice": "uploads/20200606_161145_5kaXasD.jpg", "tracking_number": "", "creation_date": "2021-06-17", "payment_receipt": "uploads/20200606_161145_8Dc6oZE.jpg"}}, {"model": "orders.order", "pk": 8, "fields": {"user": 2, "cart": 8, "adress": 2, "adress_billing": null, "payment": 10, "shipment": 1, "total": "33.20", "note": "", "state": "4", "invoice": "uploads/20200603_142324_zQr5SHI.jpg", "tracking_number": "", "creation_date": "2021-06-17", "payment_receipt": ""}}, {"model": "orders.order", "pk": 9, "fields": {"user": 2, "cart": 9, "adress": 2, "adress_billing": null, "payment": 11, "shipment": 1, "total": "303.20", "note": "po caralho", "state": "4", "invoice": "uploads/20200603_142324_bIWJAjQ.jpg", "tracking_number": "5232366kkk", "creation_date": "2021-06-17", "payment_receipt": "uploads/20200604_112811.jpg"}}, {"model": "orders.order", "pk": 10, "fields": {"user": 2, "cart": 10, "adress": 2, "adress_billing": null, "payment": 12, "shipment": 1, "total": "33.20", "note": "", "state": "4", "invoice": "", "tracking_number": "", "creation_date": "2021-06-17", "payment_receipt": ""}}, {"model": "orders.order", "pk": 11, "fields": {"user": 2, "cart": 11, "adress": 2, "adress_billing": null, "payment": 13, "shipment": 1, "total": "33.20", "note": "", "state": "4", "invoice": "", "tracking_number": "", "creation_date": "2021-06-18", "payment_receipt": ""}}, {"model": "orders.order", "pk": 12, "fields": {"user": 3, "cart": 12, "adress": 3, "adress_billing": null, "payment": 15, "shipment": 1, "total": "43.50", "note": "", "state": "1", "invoice": "", "tracking_number": null, "creation_date": "2021-06-18", "payment_receipt": ""}}, {"model": "orders.order", "pk": 13, "fields": {"user": 3, "cart": 13, "adress": 3, "adress_billing": null, "payment": 16, "shipment": 1, "total": "23.35", "note": "", "state": "2", "invoice": "", "tracking_number": null, "creation_date": "2021-06-23", "payment_receipt": ""}}, {"model": "orders.order", "pk": 14, "fields": {"user": 3, "cart": 14, "adress": 3, "adress_billing": null, "payment": 17, "shipment": 1, "total": "63.65", "note": "", "state": "1", "invoice": "", "tracking_number": null, "creation_date": "2021-06-18", "payment_receipt": ""}}, {"model": "orders.order", "pk": 15, "fields": {"user": 3, "cart": 15, "adress": 3, "adress_billing": null, "payment": 18, "shipment": 1, "total": "25.20", "note": "", "state": "2", "invoice": "", "tracking_number": null, "creation_date": "2021-06-23", "payment_receipt": ""}}, {"model": "orders.order", "pk": 16, "fields": {"user": 3, "cart": 16, "adress": 3, "adress_billing": null, "payment": 19, "shipment": 1, "total": "69.20", "note": "", "state": "2", "invoice": "", "tracking_number": null, "creation_date": "2021-06-23", "payment_receipt": ""}}, {"model": "orders.order", "pk": 17, "fields": {"user": 5, "cart": 25, "adress": 4, "adress_billing": null, "payment": 22, "shipment": 1, "total": "165.20", "note": "", "state": "4", "invoice": "", "tracking_number": "", "creation_date": "2021-09-08", "payment_receipt": ""}}, {"model": "orders.order", "pk": 18, "fields": {"user": 8, "cart": 33, "adress": 69, "adress_billing": null, "payment": 23, "shipment": 1, "total": "25.50", "note": "", "state": "4", "invoice": "", "tracking_number": "", "creation_date": "2021-06-28", "payment_receipt": "uploads/20200604_112806_Ev5osxC.jpg"}}, {"model": "orders.order", "pk": 19, "fields": {"user": 10, "cart": 40, "adress": 71, "adress_billing": 70, "payment": 26, "shipment": 1, "total": "80.20", "note": "", "state": "1", "invoice": "", "tracking_number": null, "creation_date": "2021-09-09", "payment_receipt": ""}}, {"model": "orders.order", "pk": 20, "fields": {"user": 10, "cart": 41, "adress": 71, "adress_billing": 70, "payment": 27, "shipment": 1, "total": "25.50", "note": "", "state": "4", "invoice": "", "tracking_number": "", "creation_date": "2021-09-10", "payment_receipt": "uploads/20200604_112813.jpg"}}, {"model": "orders.order", "pk": 21, "fields": {"user": 10, "cart": 42, "adress": 71, "adress_billing": 70, "payment": 28, "shipment": 1, "total": "25.50", "note": "", "state": "2", "invoice": "", "tracking_number": null, "creation_date": "2021-09-10", "payment_receipt": ""}}, {"model": "orders.order", "pk": 22, "fields": {"user": 10, "cart": 43, "adress": 71, "adress_billing": 73, "payment": 29, "shipment": 1, "total": "203.90", "note": "", "state": "1", "invoice": "", "tracking_number": null, "creation_date": "2021-09-10", "payment_receipt": ""}}, {"model": "orders.order", "pk": 23, "fields": {"user": 10, "cart": 44, "adress": 71, "adress_billing": 73, "payment": 30, "shipment": 1, "total": "46.20", "note": "", "state": "1", "invoice": "", "tracking_number": null, "creation_date": "2021-09-10", "payment_receipt": ""}}, {"model": "orders.order", "pk": 24, "fields": {"user": 10, "cart": 49, "adress": 71, "adress_billing": 73, "payment": 33, "shipment": 1, "total": "6770.20", "note": "", "state": "1", "invoice": "", "tracking_number": null, "creation_date": "2021-09-10", "payment_receipt": ""}}, {"model": "orders.order", "pk": 25, "fields": {"user": 9, "cart": 50, "adress": 74, "adress_billing": null, "payment": 34, "shipment": 1, "total": "25.50", "note": "", "state": "1", "invoice": "", "tracking_number": null, "creation_date": "2021-09-10", "payment_receipt": ""}}, {"model": "orders.order", "pk": 26, "fields": {"user": 9, "cart": 50, "adress": 74, "adress_billing": null, "payment": 35, "shipment": 1, "total": "25.50", "note": "", "state": "1", "invoice": "", "tracking_number": null, "creation_date": "2021-09-10", "payment_receipt": ""}}, {"model": "orders.order", "pk": 27, "fields": {"user": 9, "cart": 50, "adress": 74, "adress_billing": null, "payment": 36, "shipment": 1, "total": "25.50", "note": "", "state": "1", "invoice": "", "tracking_number": null, "creation_date": "2021-09-10", "payment_receipt": ""}}, {"model": "orders.order", "pk": 28, "fields": {"user": 9, "cart": 50, "adress": 74, "adress_billing": null, "payment": 37, "shipment": 1, "total": "25.50", "note": "", "state": "1", "invoice": "", "tracking_number": null, "creation_date": "2021-09-10", "payment_receipt": ""}}, {"model": "orders.order", "pk": 29, "fields": {"user": 9, "cart": 50, "adress": 74, "adress_billing": null, "payment": 38, "shipment": 1, "total": "25.50", "note": "", "state": "1", "invoice": "", "tracking_number": null, "creation_date": "2021-09-10", "payment_receipt": ""}}, {"model": "orders.order", "pk": 30, "fields": {"user": 9, "cart": 50, "adress": 74, "adress_billing": null, "payment": 39, "shipment": 1, "total": "25.50", "note": "", "state": "1", "invoice": "", "tracking_number": null, "creation_date": "2021-09-10", "payment_receipt": ""}}, {"model": "orders.order", "pk": 31, "fields": {"user": 9, "cart": 50, "adress": 74, "adress_billing": null, "payment": 40, "shipment": 1, "total": "25.50", "note": "", "state": "1", "invoice": "", "tracking_number": null, "creation_date": "2021-09-10", "payment_receipt": ""}}]
